"Data Source","World Development Indicators",

"Last Updated Date","2015-07-28",

"Country Name","Country Code","Indicator Name","Indicator Code","1960","1961","1962","1963","1964","1965","1966","1967","1968","1969","1970","1971","1972","1973","1974","1975","1976","1977","1978","1979","1980","1981","1982","1983","1984","1985","1986","1987","1988","1989","1990","1991","1992","1993","1994","1995","1996","1997","1998","1999","2000","2001","2002","2003","2004","2005","2006","2007","2008","2009","2010","2011","2012","2013","2014",
"Aruba","ABW","Government expenditure on education, total (% of government expenditure)","SE.XPD.TOTL.GB.ZS","","","","","","","","","","","","","","","","","","","","","","","","","","","","","","","","","","","","","","","22.08239","19.27892","21.82276","21.32039","19.75715","","14.89786","18.88828","","20.7888","19.0362","21.56179","22.17513","21.77598","","","",
"Andorra","AND","Government expenditure on education, total (% of government expenditure)","SE.XPD.TOTL.GB.ZS","","","","","","","","","","","","","","","","","","","","","","","","","","","","","","","","","","","","","","","","","","","","","","","","","","","","","","","",
"Afghanistan","AFG","Government expenditure on education, total (% of government expenditure)","SE.XPD.TOTL.GB.ZS","","","","","","","","","","","","","","","","","","","","","","","","","","","","","","","","","","","","","","","","","","","","","","","","","","","22.24014","19.10585","12.82317","18.4612","18.06834",
"Angola","AGO","Government expenditure on education, total (% of government expenditure)","SE.XPD.TOTL.GB.ZS","","","","","","","","","","","","","","","","","","","","","","","","","","","","","","","","","","","","","","","","","5.25508","","","","","7.99235","7.45479","","","","8.68477","","","","",
"Albania","ALB","Government expenditure on education, total (% of government expenditure)","SE.XPD.TOTL.GB.ZS","","","","","","","","","","","","","","","","","","","","","","","","","","","","","","","","","","","","","","11.15339","9.62407","9.68246","10.13703","10.58193","9.88692","10.5736","10.70316","11.35797","10.93295","11.17719","","","","","","","",
"Arab World","ARB","Government expenditure on education, total (% of government expenditure)","SE.XPD.TOTL.GB.ZS","","","","","","","","","","","","","","","","","","","","","","","","","","","","","","","","","","","","","","","","","","","","","14.37322","","12.29732","","11.959325","","","","","","",
"United Arab Emirates","ARE","Government expenditure on education, total (% of government expenditure)","SE.XPD.TOTL.GB.ZS","","","","","","","","","","","","","","","","","","","","","","","","","","","","","","","","","","","","","","5.02373","","","","","","","","","","","","","","","","","",
"Argentina","ARG","Government expenditure on education, total (% of government expenditure)","SE.XPD.TOTL.GB.ZS","","","","","","","","","","","","","","","","","","","","","","","","","","","","","","","","","","","","","","","15.62227","15.88009","16.22696","16.35761","16.44329","14.36279","15.1602","15.80628","16.35148","15.82749","16.62552","16.6149","15.57046","15.72955","15.06353","","",
"Armenia","ARM","Government expenditure on education, total (% of government expenditure)","SE.XPD.TOTL.GB.ZS","","","","","","","","","","","","","","","","","","","","","","","","","","","","","","","","","","","","","","","","","","","","","","13.64809","13.57852","13.46559","14.26845","13.45122","12.40051","12.59334","13.70187","8.86885","",
"American Samoa","ASM","Government expenditure on education, total (% of government expenditure)","SE.XPD.TOTL.GB.ZS","","","","","","","","","","","","","","","","","","","","","","","","","","","","","","","","","","","","","","","","","","","","","","","","","","","","","","","",
"Antigua and Barbuda","ATG","Government expenditure on education, total (% of government expenditure)","SE.XPD.TOTL.GB.ZS","","","","","","","","","","","","","","","","","","","","","","","","","","","","","","","","","","","","","","","","12.52143","","","8.85597","","","","","","","6.91662","","","","","",
"Australia","AUS","Government expenditure on education, total (% of government expenditure)","SE.XPD.TOTL.GB.ZS","","","","","","","","","","","","","","","","","","","","","","","","","","","","","","","","","","","","14.11191","","","","","13.59023","","","","","13.58513","13.1782","13.03027","12.59972","13.41502","14.3276","13.50202","13.22041","","",
"Austria","AUT","Government expenditure on education, total (% of government expenditure)","SE.XPD.TOTL.GB.ZS","","","","","","","","","","","","","","","","","","","","","","","","","","","","","","","","","","","","","","","11.74834","11.84156","11.12359","10.94942","10.91302","10.54924","9.95687","10.33966","10.46338","10.54208","10.63844","10.66063","10.85817","11.04539","","","",
"Azerbaijan","AZE","Government expenditure on education, total (% of government expenditure)","SE.XPD.TOTL.GB.ZS","","","","","","","","","","","","","","","","","","","","","","","","","","","","","","","","","","","","","","","","","18.498","18.77296","11.39684","11.52329","13.33164","13.12068","9.51087","9.82856","8.28235","9.54358","8.77911","7.30383","","","",
"Burundi","BDI","Government expenditure on education, total (% of government expenditure)","SE.XPD.TOTL.GB.ZS","","","","","","","","","","","","","","","","","","","","","","","","","","","","","","","","","","","","","","","","13.71026","13.43737","14.1125","15.23766","","12.95883","13.87042","","","12.61554","16.30169","16.5881","14.9793","16.34892","17.24153","",
"Belgium","BEL","Government expenditure on education, total (% of government expenditure)","SE.XPD.TOTL.GB.ZS","","","","","","","","","","","","","","","","","","","","","","","","","","","","","","","","","","","","","","","","","","12.0038","12.15448","11.75022","12.01388","11.3503","12.22345","12.28268","12.69052","12.02631","12.22374","11.9547","","","",
"Benin","BEN","Government expenditure on education, total (% of government expenditure)","SE.XPD.TOTL.GB.ZS","","","","","","","","","","","","","","","","","","","","","","","","","","","","","","","","","","","","","","","15.16716","14.69351","13.5132","15.31058","14.12908","16.68253","19.21395","18.79039","19.70961","14.94869","19.08858","18.17562","26.14396","","25.02131","22.34122","",
"Burkina Faso","BFA","Government expenditure on education, total (% of government expenditure)","SE.XPD.TOTL.GB.ZS","","","","","","","","","","","","","","","","","","","","","","","","","","","","","","","","","","","","","","","","","","","","","","19.49419","18.2017","17.86382","","","17.25081","20.31364","15.89538","16.16528","",
"Bangladesh","BGD","Government expenditure on education, total (% of government expenditure)","SE.XPD.TOTL.GB.ZS","","","","","","","","","","","","","","","","","","","","","","","","","","","","","","","","","","","","","","","","18.12979","20.49042","18.58478","15.6938","16.68163","15.95312","","17.33653","18.1534","17.81619","14.02987","","","","","",
"Bulgaria","BGR","Government expenditure on education, total (% of government expenditure)","SE.XPD.TOTL.GB.ZS","","","","","","","","","","","","","","","","","","","","","","","","","","","","","","","","","","","","","","","","","","9.27774","9.65432","11.18025","6.703","12.07252","12.01048","11.11392","12.61226","12.65675","11.16342","11.10005","","","",
"Bahrain","BHR","Government expenditure on education, total (% of government expenditure)","SE.XPD.TOTL.GB.ZS","","","","","","","","","","","","","","","","","","","","","","","","","","","","","","","","","","","","","","","","","","","","","","","11.91866","11.02673","10.55867","","","","8.94804","","",
"Bahamas, The","BHS","Government expenditure on education, total (% of government expenditure)","SE.XPD.TOTL.GB.ZS","","","","","","","","","","","","","","","","","","","","","","","","","","","","","","","","","","","","","","","","","18.84372","","","","","","","","","","","","","","",
"Bosnia and Herzegovina","BIH","Government expenditure on education, total (% of government expenditure)","SE.XPD.TOTL.GB.ZS","","","","","","","","","","","","","","","","","","","","","","","","","","","","","","","","","","","","","","","","","","","","","","","","","","","","","","","",
"Belarus","BLR","Government expenditure on education, total (% of government expenditure)","SE.XPD.TOTL.GB.ZS","","","","","","","","","","","","","","","","","","","","","","","","","","","","","","","","","","","","","","","","","","","","","12.84642","12.91494","12.69644","10.74872","","9.78506","12.86463","14.03116","13.18072","12.30363","",
"Belize","BLZ","Government expenditure on education, total (% of government expenditure)","SE.XPD.TOTL.GB.ZS","","","","","","","","","","","","","","","","","","","","","","","","","","","","","","","","","","","","","","","","18.89415","16.05444","18.30537","15.93916","16.15851","16.82134","","","","19.60072","21.77003","23.05208","","","","",
"Bermuda","BMU","Government expenditure on education, total (% of government expenditure)","SE.XPD.TOTL.GB.ZS","","","","","","","","","","","","","","","","","","","","","","","","","","","","","","","","","","","","","","","","","","","","11.0366","11.11385","12.1054","","","","13.97043","12.93424","","","","7.79644",
"Bolivia","BOL","Government expenditure on education, total (% of government expenditure)","SE.XPD.TOTL.GB.ZS","","","","","","","","","","","","","","","","","","","","","","","","","","","","","","","","","","","","","","","18.42669","19.27241","18.67085","18.46146","18.71381","19.94096","","","21.1625","","19.92381","22.56084","24.12779","19.48311","17.82875","","",
"Brazil","BRA","Government expenditure on education, total (% of government expenditure)","SE.XPD.TOTL.GB.ZS","","","","","","","","","","","","","","","","","","","","","","","","","","","","","","","","","","","","","","","11.62986","9.60027","11.45216","10.61076","9.63646","","10.39372","11.25672","12.42273","13.21856","14.08224","14.72403","14.55989","15.26929","15.56965","","",
"Barbados","BRB","Government expenditure on education, total (% of government expenditure)","SE.XPD.TOTL.GB.ZS","","","","","","","","","","","","","","","","","","","","","","","","","","","","","","","","","","","","","","","","13.14668","13.97806","17.25794","15.91701","15.66595","15.38793","15.39544","","15.21563","13.42763","13.84276","15.56024","","13.68958","","",
"Brunei Darussalam","BRN","Government expenditure on education, total (% of government expenditure)","SE.XPD.TOTL.GB.ZS","","","","","","","","","","","","","","","","","","","","","","","","","","","","","","","","","","","","","","","8.76089","8.89343","8.92074","","","","","","","","","","5.29154","9.18219","9.72782","","9.98591",
"Bhutan","BTN","Government expenditure on education, total (% of government expenditure)","SE.XPD.TOTL.GB.ZS","","","","","","","","","","","","","","","","","","","","","","","","","","","","","","","","","","","","","","","","","11.53629","10.09529","","","18.84994","17.48282","","","13.13413","13.11677","8.24323","11.30279","","15.60829","",
"Botswana","BWA","Government expenditure on education, total (% of government expenditure)","SE.XPD.TOTL.GB.ZS","","","","","","","","","","","","","","","","","","","","","","","","","","","","","","","","","","","","","","","","","","","","","","25.82353","","26.50779","","20.4774","","","","","",
"Central African Republic","CAF","Government expenditure on education, total (% of government expenditure)","SE.XPD.TOTL.GB.ZS","","","","","","","","","","","","","","","","","","","","","","","","","","","","","","","","","","","","","","","","9.79589","9.93077","","9.21473","12.02802","12.06446","9.68047","10.05424","9.86948","7.86226","7.83039","6.47552","7.82546","","","",
"Canada","CAN","Government expenditure on education, total (% of government expenditure)","SE.XPD.TOTL.GB.ZS","","","","","","","","","","","","","","","","","","","","","","","","","","","","","","","","","","","","","","","12.52588","12.44565","12.74552","12.23379","12.1744","","","12.24745","","12.35893","12.06659","12.48877","12.38789","12.22708","","","",
"Central Europe and the Baltics","CEB","Government expenditure on education, total (% of government expenditure)","SE.XPD.TOTL.GB.ZS","","","","","","","","","","","","","","","","","","","","","","","","","","","","","","","","","","","","","","","","9.9202","10.09306","10.54554","10.594575","11.159655","10.562745","11.49107","10.52872","10.77913","10.35676","10.485605","9.785015","10.139235","","","",
"Switzerland","CHE","Government expenditure on education, total (% of government expenditure)","SE.XPD.TOTL.GB.ZS","","","","","","","","","","","","","","","","","","","","","","","","","","","","","","","","","","","","","","","14.15674","","","","","","","","","","","16.14197","15.949","15.89852","16.09951","","",
"Channel Islands","CHI","Government expenditure on education, total (% of government expenditure)","SE.XPD.TOTL.GB.ZS","","","","","","","","","","","","","","","","","","","","","","","","","","","","","","","","","","","","","","","","","","","","","","","","","","","","","","","",
"Chile","CHL","Government expenditure on education, total (% of government expenditure)","SE.XPD.TOTL.GB.ZS","","","","","","","","","","","","","","","","","","","","","","","","","","","","","","","","","","","","","","14.44519","15.12567","15.63322","16.40149","","17.40728","17.60468","16.97488","16.12225","16.15792","16.64837","17.47809","17.1887","17.51402","17.50411","19.278","","",
"China","CHN","Government expenditure on education, total (% of government expenditure)","SE.XPD.TOTL.GB.ZS","","","","","","","","","","","","","","","","","","","","","","","","","","","","","","","","","","","","","","","14.55141","12.63156","","","","","","","","","","","","","","","",
"Cote d'Ivoire","CIV","Government expenditure on education, total (% of government expenditure)","SE.XPD.TOTL.GB.ZS","","","","","","","","","","","","","","","","","","","","","","","","","","","","","","","","","","","","","","18.33815","17.73494","20.52729","20.80695","23.20203","22.5923","22.64823","22.10716","21.84569","20.50635","21.86688","21.94258","","","","","","",
"Cameroon","CMR","Government expenditure on education, total (% of government expenditure)","SE.XPD.TOTL.GB.ZS","","","","","","","","","","","","","","","","","","","","","","","","","","","","","","","","","","","","","","","","","11.6837","15.48914","","21.44202","20.84712","21.37761","20.31265","21.56822","15.58864","19.77979","18.75389","14.86777","15.17622","","",
"Congo, Rep.","COG","Government expenditure on education, total (% of government expenditure)","SE.XPD.TOTL.GB.ZS","","","","","","","","","","","","","","","","","","","","","","","","","","","","","","","","","","","","","","","13.74414","","","","11.59277","9.51995","8.56181","7.59782","","","","","29.01836","","","","",
"Colombia","COL","Government expenditure on education, total (% of government expenditure)","SE.XPD.TOTL.GB.ZS","","","","","","","","","","","","","","","","","","","","","","","","","","","","","","","","","","","","","","","12.47536","13.15193","13.28683","13.46772","15.29956","15.53726","15.43978","15.53561","13.76883","14.48145","14.67729","16.08117","16.41858","15.52914","15.51283","16.86588","",
"Comoros","COM","Government expenditure on education, total (% of government expenditure)","SE.XPD.TOTL.GB.ZS","","","","","","","","","","","","","","","","","","","","","","","","","","","","","","","","","","","","","","","15.65296","","","","15.78972","","","","","","29.23312","","","","","","",
"Cabo Verde","CPV","Government expenditure on education, total (% of government expenditure)","SE.XPD.TOTL.GB.ZS","","","","","","","","","","","","","","","","","","","","","","","","","","","","","","","","","","","","","","","","","","","19.76623","","20.84048","","17.54058","18.32875","18.62308","16.16892","14.39624","15.15328","","14.97774","",
"Costa Rica","CRI","Government expenditure on education, total (% of government expenditure)","SE.XPD.TOTL.GB.ZS","","","","","","","","","","","","","","","","","","","","","","","","","","","","","","","","","","","","","","","","21.92369","18.81951","19.15282","19.2405","20.15172","20.43089","","20.64339","21.02189","","","","","","","",
"Caribbean small states","CSS","Government expenditure on education, total (% of government expenditure)","SE.XPD.TOTL.GB.ZS","","","","","","","","","","","","","","","","","","","","","","","","","","","","","","","","","","","","","","","","9.70982","13.61189","15.2074","15.881185","13.349095","11.73302","14.26937","","17.17305","19.11938","17.55284","16.10294","18.58193","18.80926","20.57386","",
"Cuba","CUB","Government expenditure on education, total (% of government expenditure)","SE.XPD.TOTL.GB.ZS","","","","","","","","","","","","","","","","","","","","","","","","","","","","","","","","","","","","","","","","","","","","","","","","","","","","","","","",
"Curacao","CUW","Government expenditure on education, total (% of government expenditure)","SE.XPD.TOTL.GB.ZS","","","","","","","","","","","","","","","","","","","","","","","","","","","","","","","","","","","","","","","","","","","","","","","","","","","","","","","",
"Cayman Islands","CYM","Government expenditure on education, total (% of government expenditure)","SE.XPD.TOTL.GB.ZS","","","","","","","","","","","","","","","","","","","","","","","","","","","","","","","","","","","","","","","","","","","","","","","","","","","","","","","",
"Cyprus","CYP","Government expenditure on education, total (% of government expenditure)","SE.XPD.TOTL.GB.ZS","","","","","","","","","","","","","","","","","","","","","","","","","","","","","","","","","","","","","","","","13.80492","14.33408","14.35325","14.94784","16.5025","15.77113","15.79372","16.1358","16.64961","17.58349","17.17929","15.68234","15.53671","","","",
"Czech Republic","CZE","Government expenditure on education, total (% of government expenditure)","SE.XPD.TOTL.GB.ZS","","","","","","","","","","","","","","","","","","","","","","","","","","","","","","","","","","","","","","","8.71825","9.10618","9.19001","8.95642","9.09933","8.64954","9.69724","9.47811","10.52872","9.87837","9.51579","9.76144","9.7125","10.44409","","","",
"Germany","DEU","Government expenditure on education, total (% of government expenditure)","SE.XPD.TOTL.GB.ZS","","","","","","","","","","","","","","","","","","","","","","","","","","","","","","","","","","","","","","","9.55467","","","","","","","","9.76034","10.32876","10.35903","10.47515","10.61658","11.02623","","","",
"Djibouti","DJI","Government expenditure on education, total (% of government expenditure)","SE.XPD.TOTL.GB.ZS","","","","","","","","","","","","","","","","","","","","","","","","","","","","","","","","","","","","","","","","22.89607","29.38595","26.28002","25.48931","24.27149","24.70114","22.71505","22.14541","22.26884","","","12.3284","","","","",
"Dominica","DMA","Government expenditure on education, total (% of government expenditure)","SE.XPD.TOTL.GB.ZS","","","","","","","","","","","","","","","","","","","","","","","","","","","","","","","","","","","","","","","17.1116","11.41962","","","","","","","","","","","","","","","",
"Denmark","DNK","Government expenditure on education, total (% of government expenditure)","SE.XPD.TOTL.GB.ZS","","","","","","","","","","","","","","","","","","","","","","","","","","","","","","","","","","","","","","","14.63437","14.54371","15.34415","15.54854","15.43388","15.14175","15.48686","15.77934","15.51264","15.3567","14.83026","14.94417","15.10334","15.03626","","","",
"Dominican Republic","DOM","Government expenditure on education, total (% of government expenditure)","SE.XPD.TOTL.GB.ZS","","","","","","","","","","","","","","","","","","","","","","","","","","","","","","","","","","","","","","","","","12.98848","12.50729","12.07972","9.70181","","","","12.57788","","","","","","20.64725","",
"Algeria","DZA","Government expenditure on education, total (% of government expenditure)","SE.XPD.TOTL.GB.ZS","","","","","","","","","","","","","","","","","","","","","","","","","","","","","","","","","","","","","","","","","","","","","","","","","11.42941","","","","","","",
"East Asia & Pacific (developing only)","EAP","Government expenditure on education, total (% of government expenditure)","SE.XPD.TOTL.GB.ZS","","","","","","","","","","","","","","","","","","","","","","","","","","","","","","","","","","","","","","","","","15.640765","12.75495","16.20455","","14.1703","","","14.94431","14.03864","","15.58623","","","","",
"East Asia & Pacific (all income levels)","EAS","Government expenditure on education, total (% of government expenditure)","SE.XPD.TOTL.GB.ZS","","","","","","","","","","","","","","","","","","","","","","","","","","","","","","","","","","","","","","","","","","16.01275","16.22293","","16.24383","","","14.94431","14.240315","17.543905","16.46132","17.964055","","","",
"Europe & Central Asia (developing only)","ECA","Government expenditure on education, total (% of government expenditure)","SE.XPD.TOTL.GB.ZS","","","","","","","","","","","","","","","","","","","","","","","","","","","","","","","","","","","","","","","","","","","12.500175","12.008115","12.814085","13.01781","13.081365","11.94462","13.178105","12.848825","","12.59334","13.683695","","",
"Europe & Central Asia (all income levels)","ECS","Government expenditure on education, total (% of government expenditure)","SE.XPD.TOTL.GB.ZS","","","","","","","","","","","","","","","","","","","","","","","","","","","","","","","","","","","","","","","","11.76006","11.47809","12.09401","11.50504","11.64595","11.86672","12.1887","12.35481","11.437525","12.03693","11.622505","11.16342","11.75423","","","",
"Ecuador","ECU","Government expenditure on education, total (% of government expenditure)","SE.XPD.TOTL.GB.ZS","","","","","","","","","","","","","","","","","","","","","","","","","","","","","","","","","","","","","","","10.92916","6.71591","4.99488","","","","","","","","","","11.75183","10.96467","10.34829","","",
"Egypt, Arab Rep.","EGY","Government expenditure on education, total (% of government expenditure)","SE.XPD.TOTL.GB.ZS","","","","","","","","","","","","","","","","","","","","","","","","","","","","","","","","","","","","","","","","","","","","14.04387","13.79283","14.42145","10.59623","10.44791","10.44253","","","","","","",
"Euro area","EMU","Government expenditure on education, total (% of government expenditure)","SE.XPD.TOTL.GB.ZS","","","","","","","","","","","","","","","","","","","","","","","","","","","","","","","","","","","","","","","10.69701","10.77922","10.931635","11.08564","11.29803","11.1447","10.94621","11.10692","11.164115","11.06376","10.93867","11.07481","10.61658","11.04539","","","",
"Eritrea","ERI","Government expenditure on education, total (% of government expenditure)","SE.XPD.TOTL.GB.ZS","","","","","","","","","","","","","","","","","","","","","","","","","","","","","","","","","","","","","","","6.25092","5.56554","","5.86161","5.63338","","5.74185","","5.16807","","","","","","","","",
"Spain","ESP","Government expenditure on education, total (% of government expenditure)","SE.XPD.TOTL.GB.ZS","","","","","","","","","","","","","","","","","","","","","","","","","","","","","","","","","","","","","","","10.50367","10.71396","10.68445","10.71261","10.709","10.88755","10.72629","10.78145","10.88879","10.8762","10.93867","10.63552","10.56398","10.66101","9.22981","","",
"Estonia","EST","Government expenditure on education, total (% of government expenditure)","SE.XPD.TOTL.GB.ZS","","","","","","","","","","","","","","","","","","","","","","","","","","","","","","","","","","","","","","17.85775","16.16829","16.50726","14.81044","15.05838","15.28683","15.18783","14.48866","14.52335","","13.87777","14.15127","13.45903","13.6818","13.41265","","","",
"Ethiopia","ETH","Government expenditure on education, total (% of government expenditure)","SE.XPD.TOTL.GB.ZS","","","","","","","","","","","","","","","","","","","","","","","","","","","","","","","","","","","","","","","","","13.40689","16.15596","14.92895","","","","20.12307","20.33296","19.97845","19.62944","22.03582","","","","",
"European Union","EUU","Government expenditure on education, total (% of government expenditure)","SE.XPD.TOTL.GB.ZS","","","","","","","","","","","","","","","","","","","","","","","","","","","","","","","","","","","","","","","10.91019","10.86819","11.07332","11.08564","11.09102","11.40185","11.019085","11.71141","11.82707","11.18357","11.45085","11.107045","10.737375","11.05434","","","",
"Fragile and conflict affected situations","FCS","Government expenditure on education, total (% of government expenditure)","SE.XPD.TOTL.GB.ZS","","","","","","","","","","","","","","","","","","","","","","","","","","","","","","","","","","","","","","","","","","","","","","","","","","","","","","","",
"Finland","FIN","Government expenditure on education, total (% of government expenditure)","SE.XPD.TOTL.GB.ZS","","","","","","","","","","","","","","","","","","","","","","","","","","","","","","","","","","","","","","","","11.76006","12.17092","12.63445","12.68253","12.77597","12.77896","12.2497","12.28382","12.15036","12.11463","11.83843","11.95611","11.923","12.8176","","",
"Fiji","FJI","Government expenditure on education, total (% of government expenditure)","SE.XPD.TOTL.GB.ZS","","","","","","","","","","","","","","","","","","","","","","","","","","","","","","","","","","","","","","","17.87772","19.28934","20.48492","18.52476","19.95339","","22.04252","18.76223","19.33155","21.4214","16.73676","15.35247","","14.88946","","","",
"France","FRA","Government expenditure on education, total (% of government expenditure)","SE.XPD.TOTL.GB.ZS","","","","","","","","","","","","","","","","","","","","","","","","","","","","","","","","","","","","","","","10.81141","10.84448","10.78995","10.57707","10.34289","10.84215","10.73231","10.40092","10.3673","10.42599","10.27361","10.10988","10.06913","9.86394","9.74196","","",
"Faeroe Islands","FRO","Government expenditure on education, total (% of government expenditure)","SE.XPD.TOTL.GB.ZS","","","","","","","","","","","","","","","","","","","","","","","","","","","","","","","","","","","","","","","","","","","","","","","","","","","","","","","",
"Micronesia, Fed. Sts.","FSM","Government expenditure on education, total (% of government expenditure)","SE.XPD.TOTL.GB.ZS","","","","","","","","","","","","","","","","","","","","","","","","","","","","","","","","","","","","","","","","8.78498","9.96512","","","","","","","","","","","","","","",
"Gabon","GAB","Government expenditure on education, total (% of government expenditure)","SE.XPD.TOTL.GB.ZS","","","","","","","","","","","","","","","","","","","","","","","","","","","","","","","","","","","","","","","7.05811","11.34816","17.70649","","","","","","","","","","","","","","",
"United Kingdom","GBR","Government expenditure on education, total (% of government expenditure)","SE.XPD.TOTL.GB.ZS","","","","","","","","","","","","","","","","","","","","","","","","","","","","","","","","","","","","","","","12.25563","11.80168","12.06015","12.29263","13.56549","13.61654","12.95551","13.18665","13.22107","13.01274","12.96622","12.60698","12.96037","12.71642","","","",
"Georgia","GEO","Government expenditure on education, total (% of government expenditure)","SE.XPD.TOTL.GB.ZS","","","","","","","","","","","","","","","","","","","","","","","","","","","","","","","","","","","","","","","","","12.54072","12.36196","13.60351","12.49294","15.03676","11.18125","12.89539","9.48665","8.9376","8.99825","","9.26943","6.70776","","",
"Ghana","GHA","Government expenditure on education, total (% of government expenditure)","SE.XPD.TOTL.GB.ZS","","","","","","","","","","","","","","","","","","","","","","","","","","","","","","","","","","","","","","","","14.8927","","16.58644","","","22.37925","23.42996","24.16198","24.11957","23.60645","22.67599","21.24422","30.76981","","","",
"Guinea","GIN","Government expenditure on education, total (% of government expenditure)","SE.XPD.TOTL.GB.ZS","","","","","","","","","","","","","","","","","","","","","","","","","","","","","","","","","","","","","","","","14.65847","15.19597","10.31576","13.06432","11.62475","12.3133","10.94747","","","15.67826","13.5834","12.43832","14.25931","9.46061","14.13277","",
"Gambia, The","GMB","Government expenditure on education, total (% of government expenditure)","SE.XPD.TOTL.GB.ZS","","","","","","","","","","","","","","","","","","","","","","","","","","","","","","","","","","","","","","","","","11.9218","","","","","","","","18.16491","13.29374","17.30592","15.11833","13.8003","","",
"Guinea-Bissau","GNB","Government expenditure on education, total (% of government expenditure)","SE.XPD.TOTL.GB.ZS","","","","","","","","","","","","","","","","","","","","","","","","","","","","","","","","","","","","","","","","","","","","","","","","","","","","","","","",
"Equatorial Guinea","GNQ","Government expenditure on education, total (% of government expenditure)","SE.XPD.TOTL.GB.ZS","","","","","","","","","","","","","","","","","","","","","","","","","","","","","","","","","","","","","","","6.19878","","3.21675","4.4693","5.57981","","","","","","","","","","","","",
"Greece","GRC","Government expenditure on education, total (% of government expenditure)","SE.XPD.TOTL.GB.ZS","","","","","","","","","","","","","","","","","","","","","","","","","","","","","","","","","","","","","","","6.701","6.90314","7.07659","7.70515","7.91812","7.9529","8.42267","9.17249","","","","","","","","","",
"Grenada","GRD","Government expenditure on education, total (% of government expenditure)","SE.XPD.TOTL.GB.ZS","","","","","","","","","","","","","","","","","","","","","","","","","","","","","","","","","","","","","","","","","","","","10.80899","","","","","","","","","","","",
"Greenland","GRL","Government expenditure on education, total (% of government expenditure)","SE.XPD.TOTL.GB.ZS","","","","","","","","","","","","","","","","","","","","","","","","","","","","","","","","","","","","","","","","","","","","","","","","","","","","","","","",
"Guatemala","GTM","Government expenditure on education, total (% of government expenditure)","SE.XPD.TOTL.GB.ZS","","","","","","","","","","","","","","","","","","","","","","","","","","","","","","","","","","","","","","","","","","","","","","","20.33845","21.27816","23.34816","","19.29692","20.24641","21.10514","20.63795","",
"Guam","GUM","Government expenditure on education, total (% of government expenditure)","SE.XPD.TOTL.GB.ZS","","","","","","","","","","","","","","","","","","","","","","","","","","","","","","","","","","","","","","","","","","","","","","","","","","","","","","","",
"Guyana","GUY","Government expenditure on education, total (% of government expenditure)","SE.XPD.TOTL.GB.ZS","","","","","","","","","","","","","","","","","","","","","","","","","","","","","","","","","","","","","","","","22.6878","17.65684","16.55556","16.90001","13.81456","11.08074","13.82344","13.48169","11.52616","","10.34737","11.97219","11.82467","10.26044","","",
"High income","HIC","Government expenditure on education, total (% of government expenditure)","SE.XPD.TOTL.GB.ZS","","","","","","","","","","","","","","","","","","","","","","","","","","","","","","","","","","","","","","","11.27881","11.76006","12.06015","12.133965","12.22743","12.327915","12.64278","12.378035","12.4258","12.21652","12.11463","12.48877","12.151965","12.22708","","","",
"Hong Kong SAR, China","HKG","Government expenditure on education, total (% of government expenditure)","SE.XPD.TOTL.GB.ZS","","","","","","","","","","","","","","","","","","","","","","","","","","","","","","","","","","","","","","","","","","22.41878","22.20729","23.24442","23.15131","22.47841","23.28274","22.63788","22.92223","23.79951","19.90955","20.14839","18.64941","20.30087","",
"Honduras","HND","Government expenditure on education, total (% of government expenditure)","SE.XPD.TOTL.GB.ZS","","","","","","","","","","","","","","","","","","","","","","","","","","","","","","","","","","","","","","","","","","","","","","","","","","","","","","19.23051","",
"Heavily indebted poor countries (HIPC)","HPC","Government expenditure on education, total (% of government expenditure)","SE.XPD.TOTL.GB.ZS","","","","","","","","","","","","","","","","","","","","","","","","","","","","","","","","","","","","","","","","","14.5737","","","","16.96225","17.67808","","","16.217735","17.41092","17.37576","15.11833","15.90831","","",
"Croatia","HRV","Government expenditure on education, total (% of government expenditure)","SE.XPD.TOTL.GB.ZS","","","","","","","","","","","","","","","","","","","","","","","","","","","","","","","","","","","","","","","","","","","7.9684","8.27389","8.19226","","","8.88328","9.63046","9.30414","9.08259","8.62063","","","",
"Haiti","HTI","Government expenditure on education, total (% of government expenditure)","SE.XPD.TOTL.GB.ZS","","","","","","","","","","","","","","","","","","","","","","","","","","","","","","","","","","","","","","","","","","","","","","","","","","","","","","","",
"Hungary","HUN","Government expenditure on education, total (% of government expenditure)","SE.XPD.TOTL.GB.ZS","","","","","","","","","","","","","","","","","","","","","","","","","","","","","","","","","","","","","","","9.45664","9.93371","10.09306","10.54554","10.2668","11.91482","11.09196","10.90962","10.42747","10.44434","10.35676","9.94992","9.68498","9.35005","","","",
"Indonesia","IDN","Government expenditure on education, total (% of government expenditure)","SE.XPD.TOTL.GB.ZS","","","","","","","","","","","","","","","","","","","","","","","","","","","","","","","","","","","","","","","","","","11.59399","14.36723","16.27864","14.1703","15.1488","","14.94431","13.67475","19.30844","16.65418","18.06186","18.09042","","",
"Isle of Man","IMN","Government expenditure on education, total (% of government expenditure)","SE.XPD.TOTL.GB.ZS","","","","","","","","","","","","","","","","","","","","","","","","","","","","","","","","","","","","","","","","","","","","","","","","","","","","","","","",
"India","IND","Government expenditure on education, total (% of government expenditure)","SE.XPD.TOTL.GB.ZS","","","","","","","","","","","","","","","","","","","","","","","","","","","","","","","","","","","","","","10.74361","14.77775","17.64341","17.4965","","","12.92223","11.55219","11.53215","11.78109","","","10.82184","11.74278","14.15362","14.21945","","",
"Not classified","INX","Government expenditure on education, total (% of government expenditure)","SE.XPD.TOTL.GB.ZS","","","","","","","","","","","","","","","","","","","","","","","","","","","","","","","","","","","","","","","","","","","","","","","","","","","","","","","",
"Ireland","IRL","Government expenditure on education, total (% of government expenditure)","SE.XPD.TOTL.GB.ZS","","","","","","","","","","","","","","","","","","","","","","","","","","","","","","","","","","","","","","","12.38154","12.18244","13.38861","12.59213","12.43247","12.75296","13.54971","13.58013","13.42976","13.12946","13.01657","13.04314","9.29551","12.68265","","","",
"Iran, Islamic Rep.","IRN","Government expenditure on education, total (% of government expenditure)","SE.XPD.TOTL.GB.ZS","","","","","","","","","","","","","","","","","","","","","","","","","","","","","","","","","","","","","","","","20.11292","20.63385","24.42417","26.33352","21.65296","21.47405","22.32196","19.34813","19.87443","20.57943","18.02354","18.80435","19.1267","17.03431","21.67391","",
"Iraq","IRQ","Government expenditure on education, total (% of government expenditure)","SE.XPD.TOTL.GB.ZS","","","","","","","","","","","","","","","","","","","","","","","","","","","","","","","","","","","","","","","","","","","","","","","","","","","","","","","",
"Iceland","ISL","Government expenditure on education, total (% of government expenditure)","SE.XPD.TOTL.GB.ZS","","","","","","","","","","","","","","","","","","","","","","","","","","","","","","","","","","","","","","","16.71814","15.58284","15.75082","16.22187","17.10422","16.39484","16.82497","17.80961","17.92528","17.21764","13.03362","15.16777","14.61013","15.41577","","","",
"Israel","ISR","Government expenditure on education, total (% of government expenditure)","SE.XPD.TOTL.GB.ZS","","","","","","","","","","","","","","","","","","","","","","","","","","","","","","","","","","","","","","","","","12.72266","12.72572","12.6119","12.68165","12.60446","12.50637","12.92004","12.88462","13.04756","12.91916","13.25932","13.49082","","","",
"Italy","ITA","Government expenditure on education, total (% of government expenditure)","SE.XPD.TOTL.GB.ZS","","","","","","","","","","","","","","","","","","","","","","","","","","","","","","","","","","","","","","","9.27408","9.54947","9.44847","9.82544","9.50514","9.64084","9.38801","9.01373","9.52719","8.80193","9.20517","8.86717","8.72395","8.43021","","","",
"Jamaica","JAM","Government expenditure on education, total (% of government expenditure)","SE.XPD.TOTL.GB.ZS","","","","","","","","","","","","","","","","","","","","","","","","","","","","","","","","","","","","","","","","","16.7966","19.99115","18.36393","13.36234","11.73302","14.26937","","17.17305","19.11938","17.55284","16.10294","18.58193","18.80926","20.57386","",
"Jordan","JOR","Government expenditure on education, total (% of government expenditure)","SE.XPD.TOTL.GB.ZS","","","","","","","","","","","","","","","","","","","","","","","","","","","","","","","","","","","","","","18.41103","","14.66426","","","","","","","","","","","","","","","",
"Japan","JPN","Government expenditure on education, total (% of government expenditure)","SE.XPD.TOTL.GB.ZS","","","","","","","","","","","","","","","","","","","","","","","","","","","","","","","","","","","","","","","10.2068","10.33425","9.93041","9.63897","9.85811","9.94637","9.93784","10.29182","10.15117","10.04298","10.32735","","9.45758","9.70961","9.48014","9.57815","",
"Kazakhstan","KAZ","Government expenditure on education, total (% of government expenditure)","SE.XPD.TOTL.GB.ZS","","","","","","","","","","","","","","","","","","","","","","","","","","","","","","","","","","","","","","","","","","","14.75948","","10.26692","10.2278","13.26734","11.94462","13.64711","13.0409","","","","","",
"Kenya","KEN","Government expenditure on education, total (% of government expenditure)","SE.XPD.TOTL.GB.ZS","","","","","","","","","","","","","","","","","","","","","","","","","","","","","","","","","","","","","","","","24.11602","23.06399","22.11042","25.62821","24.98009","26.66815","27.30884","24.95597","","","","20.55599","","","","",
"Kyrgyz Republic","KGZ","Government expenditure on education, total (% of government expenditure)","SE.XPD.TOTL.GB.ZS","","","","","","","","","","","","","","","","","","","","","","","","","","","","","","","","","","","","","","","","","11.59721","13.70554","15.01681","15.655","15.9067","16.46192","18.43475","20.32407","20.17296","18.1331","15.68476","18.1727","18.19559","","",
"Cambodia","KHM","Government expenditure on education, total (% of government expenditure)","SE.XPD.TOTL.GB.ZS","","","","","","","","","","","","","","","","","","","","","","","","","","","","","","","","","","","","","","","9.392","","11.07901","11.38079","10.13757","","12.40431","","","11.06172","","","13.08358","","","","",
"Kiribati","KIR","Government expenditure on education, total (% of government expenditure)","SE.XPD.TOTL.GB.ZS","","","","","","","","","","","","","","","","","","","","","","","","","","","","","","","","","","","","","","","","12.50751","15.26542","11.51614","","","","","","","","","","","","","",
"St. Kitts and Nevis","KNA","Government expenditure on education, total (% of government expenditure)","SE.XPD.TOTL.GB.ZS","","","","","","","","","","","","","","","","","","","","","","","","","","","","","","","","","","","","","","","14.4316","10.32295","13.68505","14.20753","9.95556","11.86328","11.53994","11.05621","12.2831","12.75324","","","","","","","",
"Korea, Rep.","KOR","Government expenditure on education, total (% of government expenditure)","SE.XPD.TOTL.GB.ZS","","","","","","","","","","","","","","","","","","","","","","","","","","","","","","","","","","","","","","","","","","","","","","","","","","","","","","","",
"Kosovo","","Government expenditure on education, total (% of government expenditure)","SE.XPD.TOTL.GB.ZS","","","","","","","","","","","","","","","","","","","","","","","","","","","","","","","","","","","","","","","","","","","","","","","","","","","","","","","",
"Kuwait","KWT","Government expenditure on education, total (% of government expenditure)","SE.XPD.TOTL.GB.ZS","","","","","","","","","","","","","","","","","","","","","","","","","","","","","","","","","","","","","","","","","","18.01418","15.25836","15.61624","14.95361","13.85411","13.37001","","","","","","","","",
"Latin America & Caribbean (developing only)","LAC","Government expenditure on education, total (% of government expenditure)","SE.XPD.TOTL.GB.ZS","","","","","","","","","","","","","","","","","","","","","","","","","","","","","","","","","","","","","","","","14.7168","14.912035","16.63913","15.89931","15.21213","","","","16.94065","18.73231","","16.16422","15.87258","","","",
"Lao PDR","LAO","Government expenditure on education, total (% of government expenditure)","SE.XPD.TOTL.GB.ZS","","","","","","","","","","","","","","","","","","","","","","","","","","","","","","","","","","","","","","","","","7.26613","9.11738","16.20455","","16.24383","13.73158","17.48047","17.35745","13.96301","","11.89298","","","","15.35253",
"Lebanon","LBN","Government expenditure on education, total (% of government expenditure)","SE.XPD.TOTL.GB.ZS","","","","","","","","","","","","","","","","","","","","","","","","","","","","","","","","","","","","","","","","","","7.42125","7.0563","","7.93123","8.42131","7.69319","7.34104","5.86977","5.503","5.53429","5.73381","7.10916","8.57552","",
"Liberia","LBR","Government expenditure on education, total (% of government expenditure)","SE.XPD.TOTL.GB.ZS","","","","","","","","","","","","","","","","","","","","","","","","","","","","","","","","","","","","","","","","","","","","","","","","","10.11417","","","","8.13269","","",
"Libya","LBY","Government expenditure on education, total (% of government expenditure)","SE.XPD.TOTL.GB.ZS","","","","","","","","","","","","","","","","","","","","","","","","","","","","","","","","","","","","","","","","8.13873","","","","","","","","","","","","","","","",
"St. Lucia","LCA","Government expenditure on education, total (% of government expenditure)","SE.XPD.TOTL.GB.ZS","","","","","","","","","","","","","","","","","","","","","","","","","","","","","","","","","","","","","","","29.43382","26.03627","","25.85463","","15.42216","15.04104","16.30697","19.01138","","19.94337","13.89532","14.20208","13.83676","12.19245","13.82497","",
"Latin America & Caribbean (all income levels)","LCN","Government expenditure on education, total (% of government expenditure)","SE.XPD.TOTL.GB.ZS","","","","","","","","","","","","","","","","","","","","","","","","","","","","","","","","","","","","","","","","15.17501","14.912035","15.57692","15.89931","14.772655","","","15.864875","16.23793","","","16.16422","15.801065","","","",
"Least developed countries: UN classification","LDC","Government expenditure on education, total (% of government expenditure)","SE.XPD.TOTL.GB.ZS","","","","","","","","","","","","","","","","","","","","","","","","","","","","","","","","","","","","","","","","","14.354585","16.15596","","","16.098475","16.2803","","","15.927795","","16.50391","","","","",
"Low income","LIC","Government expenditure on education, total (% of government expenditure)","SE.XPD.TOTL.GB.ZS","","","","","","","","","","","","","","","","","","","","","","","","","","","","","","","","","","","","","","","","","14.354585","","","","17.1488","","","","16.25814","16.95941","16.5881","15.11833","15.92124","","",
"Liechtenstein","LIE","Government expenditure on education, total (% of government expenditure)","SE.XPD.TOTL.GB.ZS","","","","","","","","","","","","","","","","","","","","","","","","","","","","","","","","","","","","","","","","","","","","","","","","","","","","","","","",
"Sri Lanka","LKA","Government expenditure on education, total (% of government expenditure)","SE.XPD.TOTL.GB.ZS","","","","","","","","","","","","","","","","","","","","","","","","","","","","","","","","","","","","","","","11.58281","","","","","","","","","","","8.27079","8.60566","9.32519","8.75172","","",
"Lower middle income","LMC","Government expenditure on education, total (% of government expenditure)","SE.XPD.TOTL.GB.ZS","","","","","","","","","","","","","","","","","","","","","","","","","","","","","","","","","","","","","","","","","14.5737","16.10363","15.89931","16.198075","15.9067","14.90231","17.717555","","15.58864","16.411965","17.468605","","","","",
"Low & middle income","LMY","Government expenditure on education, total (% of government expenditure)","SE.XPD.TOTL.GB.ZS","","","","","","","","","","","","","","","","","","","","","","","","","","","","","","","","","","","","","","","","","15.228565","16.31674","15.493675","","15.155305","15.22109","16.88377","16.94065","15.59088","16.08117","16.16422","","","","",
"Lesotho","LSO","Government expenditure on education, total (% of government expenditure)","SE.XPD.TOTL.GB.ZS","","","","","","","","","","","","","","","","","","","","","","","","","","","","","","","","","","","","","","","","32.86711","22.17348","23.84892","24.36376","32.10573","27.6499","32.40492","28.23381","","24.69755","","","","","","",
"Lithuania","LTU","Government expenditure on education, total (% of government expenditure)","SE.XPD.TOTL.GB.ZS","","","","","","","","","","","","","","","","","","","","","","","","","","","","","","","","","","","","","","","","","","","","","","","","","","","","","","","",
"Luxembourg","LUX","Government expenditure on education, total (% of government expenditure)","SE.XPD.TOTL.GB.ZS","","","","","","","","","","","","","","","","","","","","","","","","","","","","","","","","","","","","","","","","","","9.69917","","","","","","","","","","","","","",
"Latvia","LVA","Government expenditure on education, total (% of government expenditure)","SE.XPD.TOTL.GB.ZS","","","","","","","","","","","","","","","","","","","","","","","","","","","","","","","","","","","","","","","11.00897","9.90669","10.26199","11.1588","11.50504","10.80686","10.19194","","9.77717","9.88639","9.36797","8.99667","8.12264","8.94205","8.74364","","",
"Macao SAR, China","MAC","Government expenditure on education, total (% of government expenditure)","SE.XPD.TOTL.GB.ZS","","","","","","","","","","","","","","","","","","","","","","","","","","","","","","","","","","","","","","","","","","","","","","","","","","12.90882","15.67268","16.13787","20.22375","","",
"St. Martin (French part)","MAF","Government expenditure on education, total (% of government expenditure)","SE.XPD.TOTL.GB.ZS","","","","","","","","","","","","","","","","","","","","","","","","","","","","","","","","","","","","","","","","","","","","","","","","","","","","","","","",
"Morocco","MAR","Government expenditure on education, total (% of government expenditure)","SE.XPD.TOTL.GB.ZS","","","","","","","","","","","","","","","","","","","","","","","","","","","","","","","","","","","","","","","25.21153","25.76847","22.28723","20.85688","19.85865","20.71186","20.01156","22.44665","18.67647","20.02872","17.47064","17.29529","","","17.15959","18.4573","",
"Monaco","MCO","Government expenditure on education, total (% of government expenditure)","SE.XPD.TOTL.GB.ZS","","","","","","","","","","","","","","","","","","","","","","","","","","","","","","","","","","","","","","6.40111","6.48977","5.0717","6.3279","","","","5.92595","","","","","6.59881","6.36322","8.07617","8.87595","7.05922","",
"Moldova","MDA","Government expenditure on education, total (% of government expenditure)","SE.XPD.TOTL.GB.ZS","","","","","","","","","","","","","","","","","","","","","","","","","","","","","","","","","","","","","","","","13.87681","12.99873","16.47752","18.08781","16.28233","19.55373","19.35065","18.67197","19.48785","19.82275","21.01412","22.3361","21.9582","20.82347","","",
"Madagascar","MDG","Government expenditure on education, total (% of government expenditure)","SE.XPD.TOTL.GB.ZS","","","","","","","","","","","","","","","","","","","","","","","","","","","","","","","","","","","","","","10.51932","9.2725","15.35609","15.89051","17.68247","17.93676","15.76314","12.96077","18.03304","15.32419","18.04455","16.25814","22.58583","","19.7797","20.3258","13.98938","",
"Maldives","MDV","Government expenditure on education, total (% of government expenditure)","SE.XPD.TOTL.GB.ZS","","","","","","","","","","","","","","","","","","","","","","","","","","","","","","","","","","","","","","","","","","","21.2399","20.3462","19.47924","13.01498","13.34758","12.74641","12.61971","17.5128","","17.67886","15.29215","","",
"Middle East & North Africa (all income levels)","MEA","Government expenditure on education, total (% of government expenditure)","SE.XPD.TOTL.GB.ZS","","","","","","","","","","","","","","","","","","","","","","","","","","","","","","","","","","","","","","","","","","18.809965","16.82607","19.8554","16.049505","14.42145","16.02324","","12.7684","","","","","","",
"Mexico","MEX","Government expenditure on education, total (% of government expenditure)","SE.XPD.TOTL.GB.ZS","","","","","","","","","","","","","","","","","","","","","","","","","","","","","","","","","","","","","","","15.78813","16.34318","19.77636","20.8466","20.97148","23.61203","22.8482","22.61735","20.74578","20.3031","18.73231","19.21795","19.31998","19.08805","","","",
"Marshall Islands","MHL","Government expenditure on education, total (% of government expenditure)","SE.XPD.TOTL.GB.ZS","","","","","","","","","","","","","","","","","","","","","","","","","","","","","","","","","","","","","","","","28.54381","","","14.8142","22.50875","","","","","","","","","","","",
"Middle income","MIC","Government expenditure on education, total (% of government expenditure)","SE.XPD.TOTL.GB.ZS","","","","","","","","","","","","","","","","","","","","","","","","","","","","","","","","","","","","","","","","","15.66257","16.53198","15.6938","16.11751","15.03676","14.42145","16.19079","14.94431","14.605855","15.293005","16.06898","","","","",
"Macedonia, FYR","MKD","Government expenditure on education, total (% of government expenditure)","SE.XPD.TOTL.GB.ZS","","","","","","","","","","","","","","","","","","","","","","","","","","","","","","","","","","","","","","","","","","","8.64088","","","","","","","","","","","","",
"Mali","MLI","Government expenditure on education, total (% of government expenditure)","SE.XPD.TOTL.GB.ZS","","","","","","","","","","","","","","","","","","","","","","","","","","","","","","","","","","","","","","","","","15.32381","14.49319","14.52521","18.28376","17.73635","16.2803","","","18.03169","16.95941","16.50391","18.27025","22.40338","","",
"Malta","MLT","Government expenditure on education, total (% of government expenditure)","SE.XPD.TOTL.GB.ZS","","","","","","","","","","","","","","","","","","","","","","","","","","","","","","","","","","","","","","","","","","","9.53534","","10.56516","","","14.53679","13.08571","12.34974","15.73082","18.8981","15.25658","","",
"Myanmar","MMR","Government expenditure on education, total (% of government expenditure)","SE.XPD.TOTL.GB.ZS","","","","","","","","","","","","","","","","","","","","","","","","","","","","","","","","","","","","","","","","","","","","","","","","","","","","","","","",
"Middle East & North Africa (developing only)","MNA","Government expenditure on education, total (% of government expenditure)","SE.XPD.TOTL.GB.ZS","","","","","","","","","","","","","","","","","","","","","","","","","","","","","","","","","","","","","","","","","","22.640525","","","18.57848","","19.0123","19.40018","14.97994","","","","","","",
"Montenegro","MNE","Government expenditure on education, total (% of government expenditure)","SE.XPD.TOTL.GB.ZS","","","","","","","","","","","","","","","","","","","","","","","","","","","","","","","","","","","","","","","","","","","","","","","","","","","","","","","",
"Mongolia","MNG","Government expenditure on education, total (% of government expenditure)","SE.XPD.TOTL.GB.ZS","","","","","","","","","","","","","","","","","","","","","","","","","","","","","","","","","","","","","","12.80767","15.17901","15.25156","16.07477","","20.31151","","13.57351","","","13.28645","","14.51142","14.71114","12.15085","","","",
"Northern Mariana Islands","MNP","Government expenditure on education, total (% of government expenditure)","SE.XPD.TOTL.GB.ZS","","","","","","","","","","","","","","","","","","","","","","","","","","","","","","","","","","","","","","","","","","","","","","","","","","","","","","","",
"Mozambique","MOZ","Government expenditure on education, total (% of government expenditure)","SE.XPD.TOTL.GB.ZS","","","","","","","","","","","","","","","","","","","","","","","","","","","","","","","","","","","","","","","12.05375","16.92332","","","","","18.00154","22.71818","18.55004","","","","","","19.76724","19.03288","",
"Mauritania","MRT","Government expenditure on education, total (% of government expenditure)","SE.XPD.TOTL.GB.ZS","","","","","","","","","","","","","","","","","","","","","","","","","","","","","","","","","","","","","","","","","","","","","8.17586","","10.31029","","13.88017","","16.03502","13.68266","10.01775","11.40537","",
"Mauritius","MUS","Government expenditure on education, total (% of government expenditure)","SE.XPD.TOTL.GB.ZS","","","","","","","","","","","","","","","","","","","","","","","","","","","","","","","","","","","","","","","","","14.31736","11.97105","11.51012","15.91087","16.21239","15.82166","14.13833","12.74995","11.95525","11.64793","14.57315","13.84617","14.96062","14.77911","",
"Malawi","MWI","Government expenditure on education, total (% of government expenditure)","SE.XPD.TOTL.GB.ZS","","","","","","","","","","","","","","","","","","","","","","","","","","","","","","","","","","","","","","","","","","","","12.79647","","","","","","","10.82154","14.65961","","13.6515","",
"Malaysia","MYS","Government expenditure on education, total (% of government expenditure)","SE.XPD.TOTL.GB.ZS","","","","","","","","","","","","","","","","","","","","","","","","","","","","","","","","","","","","","","18.98457","","21.18855","21.39068","24.34852","25.9036","24.54244","21.01292","","16.74557","16.12466","14.03864","18.46463","18.40623","20.97702","","","",
"North America","NAC","Government expenditure on education, total (% of government expenditure)","SE.XPD.TOTL.GB.ZS","","","","","","","","","","","","","","","","","","","","","","","","","","","","","","","","","","","","","","","12.52588","12.44565","12.74552","12.23379","14.277485","16.42838","15.52663","13.611485","15.01333","13.380675","13.04277","12.63569","12.71273","12.56802","","","",
"Namibia","NAM","Government expenditure on education, total (% of government expenditure)","SE.XPD.TOTL.GB.ZS","","","","","","","","","","","","","","","","","","","","","","","","","","","","","","","","","","","","","","","","23.04277","21.92506","22.77571","21.83686","20.32821","","","21.60299","","25.07235","","26.19325","","","","",
"New Caledonia","NCL","Government expenditure on education, total (% of government expenditure)","SE.XPD.TOTL.GB.ZS","","","","","","","","","","","","","","","","","","","","","","","","","","","","","","","","","","","","","","","","","","","","","","","","","","","","","","","",
"Niger","NER","Government expenditure on education, total (% of government expenditure)","SE.XPD.TOTL.GB.ZS","","","","","","","","","","","","","","","","","","","","","","","","","","","","","","","","","","","","","","","","17.12972","18.79623","16.60716","16.66409","13.85516","","","16.88377","17.37597","16.17733","18.91294","18.10404","21.67581","19.19202","","",
"Nigeria","NGA","Government expenditure on education, total (% of government expenditure)","SE.XPD.TOTL.GB.ZS","","","","","","","","","","","","","","","","","","","","","","","","","","","","","","","","","","","","","","","","","","","","","","","","","","","","","","","",
"Nicaragua","NIC","Government expenditure on education, total (% of government expenditure)","SE.XPD.TOTL.GB.ZS","","","","","","","","","","","","","","","","","","","","","","","","","","","","","","","","","","","","","","","13.38182","14.7168","14.5737","","15.68779","14.887","","","","","","","22.75367","","","","",
"Netherlands","NLD","Government expenditure on education, total (% of government expenditure)","SE.XPD.TOTL.GB.ZS","","","","","","","","","","","","","","","","","","","","","","","","","","","","","","","","","","","","","","","10.58261","10.48322","11.07332","11.01248","11.09102","11.40185","11.71956","12.1909","11.82707","11.62183","11.68874","11.40658","11.52436","11.75423","11.61935","","",
"High income: nonOECD","NOC","Government expenditure on education, total (% of government expenditure)","SE.XPD.TOTL.GB.ZS","","","","","","","","","","","","","","","","","","","","","","","","","","","","","","","","","","","","","","","","","10.344585","13.758205","13.39844","13.33585","14.95361","15.79372","12.897905","","14.292375","","","","","","",
"Norway","NOR","Government expenditure on education, total (% of government expenditure)","SE.XPD.TOTL.GB.ZS","","","","","","","","","","","","","","","","","","","","","","","","","","","","","","","","","","","","","","15.90564","15.24957","14.85471","15.48646","15.73486","16.25644","15.75515","16.53605","16.7517","16.23354","16.55713","16.14887","15.76092","15.30602","15.01093","","","",
"Nepal","NPL","Government expenditure on education, total (% of government expenditure)","SE.XPD.TOTL.GB.ZS","","","","","","","","","","","","","","","","","","","","","","","","","","","","","","","","","","","","","","","","","19.11359","21.61894","20.42635","21.30218","21.60618","22.27689","25.48504","21.12867","22.11482","19.84753","20.81352","","","21.39802","",
"New Zealand","NZL","Government expenditure on education, total (% of government expenditure)","SE.XPD.TOTL.GB.ZS","","","","","","","","","","","","","","","","","","","","","","","","","","","","","","","","","","","","","","","","18.53532","","19.27015","19.48022","19.66981","20.14","19.49048","18.05889","17.69128","16.82788","18.11212","19.47547","17.86625","18.66587","","",
"High income: OECD","OEC","Government expenditure on education, total (% of government expenditure)","SE.XPD.TOTL.GB.ZS","","","","","","","","","","","","","","","","","","","","","","","","","","","","","","","","","","","","","","","11.513575","11.78087","12.10436","12.133965","12.200915","11.97418","12.60446","12.24745","12.28382","12.28268","12.11463","12.30418","12.01815","12.01319","","","",
"OECD members","OED","Government expenditure on education, total (% of government expenditure)","SE.XPD.TOTL.GB.ZS","","","","","","","","","","","","","","","","","","","","","","","","","","","","","","","","","","","","","","","11.74834","11.80168","12.13764","12.17392","12.200915","11.97418","12.60446","12.248575","12.28382","12.320805","12.331835","12.396475","12.08019","12.07168","","","",
"Oman","OMN","Government expenditure on education, total (% of government expenditure)","SE.XPD.TOTL.GB.ZS","","","","","","","","","","","","","","","","","","","","","","","","","","","","","","","","","","","","","","9.12556","9.9918","10.32786","8.98344","10.58399","11.06248","10.03896","10.31647","10.05364","11.22463","","","10.94918","","","","","",
"Other small states","OSS","Government expenditure on education, total (% of government expenditure)","SE.XPD.TOTL.GB.ZS","","","","","","","","","","","","","","","","","","","","","","","","","","","","","","","","","","","","","","","","21.95904","18.60841","21.215945","19.565315","21.196015","","23.357695","22.15528","","19.989075","15.52864","17.30592","","","","",
"Pakistan","PAK","Government expenditure on education, total (% of government expenditure)","SE.XPD.TOTL.GB.ZS","","","","","","","","","","","","","","","","","","","","","","","","","","","","","","","","","","","","","","","","11.30733","8.48988","","","","11.22935","13.77751","15.2891","15.44552","14.09696","12.08263","11.92509","10.97942","10.94758","11.55362","",
"Panama","PAN","Government expenditure on education, total (% of government expenditure)","SE.XPD.TOTL.GB.ZS","","","","","","","","","","","","","","","","","","","","","","","","","","","","","","","","","","","","","","17.35391","","18.97315","19.83194","16.63913","16.9575","16.34301","14.56827","","","","14.88983","","","13.01972","","","",
"Peru","PER","Government expenditure on education, total (% of government expenditure)","SE.XPD.TOTL.GB.ZS","","","","","","","","","","","","","","","","","","","","","","","","","","","","","","","","","","","","","","","","","15.25037","14.79623","14.57806","14.65831","15.27385","14.27852","14.0353","14.14177","14.53442","14.61872","13.6427","13.52505","14.37617","15.20979","",
"Philippines","PHL","Government expenditure on education, total (% of government expenditure)","SE.XPD.TOTL.GB.ZS","","","","","","","","","","","","","","","","","","","","","","","","","","","","","","","","","","","","","","15.3684","18.18099","","15.20676","13.91591","14.06893","14.38022","12.75085","12.42236","13.26853","13.66702","14.44199","13.21116","","","","20.3","",
"Palau","PLW","Government expenditure on education, total (% of government expenditure)","SE.XPD.TOTL.GB.ZS","","","","","","","","","","","","","","","","","","","","","","","","","","","","","","","","","","","","","","","","","13.80012","15.1165","15.34344","","","","","","","","","","","","",
"Papua New Guinea","PNG","Government expenditure on education, total (% of government expenditure)","SE.XPD.TOTL.GB.ZS","","","","","","","","","","","","","","","","","","","","","","","","","","","","","","","","","","","","","","","","","","","","","","","","","","","","","","","",
"Poland","POL","Government expenditure on education, total (% of government expenditure)","SE.XPD.TOTL.GB.ZS","","","","","","","","","","","","","","","","","","","","","","","","","","","","","","","","","","","","","","","11.27881","10.8919","12.19891","12.17392","12.22743","11.97418","12.6811","12.1865","12.62833","11.25322","11.45085","11.13928","11.10892","11.06329","","","",
"Puerto Rico","PRI","Government expenditure on education, total (% of government expenditure)","SE.XPD.TOTL.GB.ZS","","","","","","","","","","","","","","","","","","","","","","","","","","","","","","","","","","","","","","","","","","","","","","","","","","","","","","","",
"Korea, Dem. Rep.","PRK","Government expenditure on education, total (% of government expenditure)","SE.XPD.TOTL.GB.ZS","","","","","","","","","","","","","","","","","","","","","","","","","","","","","","","","","","","","","","","","","","","","","","","","","","","","","","","",
"Portugal","PRT","Government expenditure on education, total (% of government expenditure)","SE.XPD.TOTL.GB.ZS","","","","","","","","","","","","","","","","","","","","","","","","","","","","","","","","","","","","","","","","11.85663","12.10436","12.09401","12.02215","11.64595","10.94621","10.86354","11.43944","11.06376","10.37183","11.07481","10.42656","10.24668","","","",
"Paraguay","PRY","Government expenditure on education, total (% of government expenditure)","SE.XPD.TOTL.GB.ZS","","","","","","","","","","","","","","","","","","","","","","","","","","","","","","","","","","","","","","","","","","","","","","","","","","","15.70703","18.66046","16.08897","","",
"Pacific island small states","PSS","Government expenditure on education, total (% of government expenditure)","SE.XPD.TOTL.GB.ZS","","","","","","","","","","","","","","","","","","","","","","","","","","","","","","","","","","","","","","","","","","","","","","","","","","","","","","","",
"French Polynesia","PYF","Government expenditure on education, total (% of government expenditure)","SE.XPD.TOTL.GB.ZS","","","","","","","","","","","","","","","","","","","","","","","","","","","","","","","","","","","","","","","","","","","","","","","","","","","","","","","",
"Qatar","QAT","Government expenditure on education, total (% of government expenditure)","SE.XPD.TOTL.GB.ZS","","","","","","","","","","","","","","","","","","","","","","","","","","","","","","","","","","","","","","","7.93362","","","","","","7.28412","","","","8.2365","","","","","","",
"Romania","ROU","Government expenditure on education, total (% of government expenditure)","SE.XPD.TOTL.GB.ZS","","","","","","","","","","","","","","","","","","","","","","","","","","","","","","","","","","","","","","","","","8.18758","9.84882","10.92235","11.13906","9.84331","10.83668","","12.00496","","11.02129","9.12913","8.33493","8.43579","","",
"Russian Federation","RUS","Government expenditure on education, total (% of government expenditure)","SE.XPD.TOTL.GB.ZS","","","","","","","","","","","","","","","","","","","","","","","","","","","","","","","","","","","","","","","","","8.95185","9.21336","10.58384","10.53169","11.17591","11.95057","12.4258","","11.95923","","","","","","",
"Rwanda","RWA","Government expenditure on education, total (% of government expenditure)","SE.XPD.TOTL.GB.ZS","","","","","","","","","","","","","","","","","","","","","","","","","","","","","","","","","","","","","","","","21.90942","21.09614","26.69957","","","","","","18.77496","15.59088","","17.37576","15.3851","15.92124","16.59719","",
"South Asia","SAS","Government expenditure on education, total (% of government expenditure)","SE.XPD.TOTL.GB.ZS","","","","","","","","","","","","","","","","","","","","","","","","","","","","","","","","","","","","","","","","17.64341","18.305045","","","16.68163","13.752655","13.77751","16.312815","18.1534","17.81619","12.08263","11.92509","12.56652","11.885375","18.4612","",
"Saudi Arabia","SAU","Government expenditure on education, total (% of government expenditure)","SE.XPD.TOTL.GB.ZS","","","","","","","","","","","","","","","","","","","","","","","","","","","","","","","","","","","","","","","","21.67622","16.69894","19.60575","19.75314","19.90232","17.97288","17.80616","20.09825","","17.73611","","","","","","",
"Sudan","SDN","Government expenditure on education, total (% of government expenditure)","SE.XPD.TOTL.GB.ZS","","","","","","","","","","","","","","","","","","","","","","","","","","","","","","","","","","","","","","","","","9.11689","","11.04489","","7.94924","5.9668","8.25316","","9.3854","10.7707","","","","","",
"Senegal","SEN","Government expenditure on education, total (% of government expenditure)","SE.XPD.TOTL.GB.ZS","","","","","","","","","","","","","","","","","","","","","","","","","","","","","","","","","","","","","","","","","17.61849","15.72974","16.72192","16.11751","16.96225","21.77097","17.95464","","19.22614","20.88083","20.72318","","","","",
"Singapore","SGP","Government expenditure on education, total (% of government expenditure)","SE.XPD.TOTL.GB.ZS","","","","","","","","","","","","","","","","","","","","","","","","","","","","","","","","","","","","","","","","","14.15517","18.10959","17.6956","22.67977","26.36067","23.8523","","","22.8247","17.52529","16.55659","20.61663","20.90073","19.95034","",
"Solomon Islands","SLB","Government expenditure on education, total (% of government expenditure)","SE.XPD.TOTL.GB.ZS","","","","","","","","","","","","","","","","","","","","","","","","","","","","","","","","","","","","","","","13.0161","","","","","","","","","22.16813","18.8434","16.78565","17.47849","","","","",
"Sierra Leone","SLE","Government expenditure on education, total (% of government expenditure)","SE.XPD.TOTL.GB.ZS","","","","","","","","","","","","","","","","","","","","","","","","","","","","","","","","","","","","","","","","","20.7313","17.9708","17.70319","17.31936","17.1488","15.50661","","19.75022","14.9309","15.89646","12.80191","12.41146","14.12596","15.20231","",
"El Salvador","SLV","Government expenditure on education, total (% of government expenditure)","SE.XPD.TOTL.GB.ZS","","","","","","","","","","","","","","","","","","","","","","","","","","","","","","","","","","","","","","","13.91532","13.60802","13.91002","","15.89931","14.44008","","14.65582","15.57183","16.94065","19.44883","18.54698","16.16422","15.87258","","","",
"San Marino","SMR","Government expenditure on education, total (% of government expenditure)","SE.XPD.TOTL.GB.ZS","","","","","","","","","","","","","","","","","","","","","","","","","","","","","","","","","","","","","","","","","","","","","","","","","","","10.78129","10.64036","","","",
"Somalia","SOM","Government expenditure on education, total (% of government expenditure)","SE.XPD.TOTL.GB.ZS","","","","","","","","","","","","","","","","","","","","","","","","","","","","","","","","","","","","","","","","","","","","","","","","","","","","","","","",
"Serbia","SRB","Government expenditure on education, total (% of government expenditure)","SE.XPD.TOTL.GB.ZS","","","","","","","","","","","","","","","","","","","","","","","","","","","","","","","","","","","","","","","","","","","","","","","","10.39356","10.83846","10.93677","10.51355","10.60352","9.59923","","",
"Sub-Saharan Africa (developing only)","SSA","Government expenditure on education, total (% of government expenditure)","SE.XPD.TOTL.GB.ZS","","","","","","","","","","","","","","","","","","","","","","","","","","","","","","","","","","","","","","","","","15.25989","16.5968","","","17.442575","18.08809","18.2017","","17.082225","17.79327","17.30592","","","","",
"South Sudan","SSD","Government expenditure on education, total (% of government expenditure)","SE.XPD.TOTL.GB.ZS","","","","","","","","","","","","","","","","","","","","","","","","","","","","","","","","","","","","","","","","","","","","","","","","","","","","","","","",
"Sub-Saharan Africa (all income levels)","SSF","Government expenditure on education, total (% of government expenditure)","SE.XPD.TOTL.GB.ZS","","","","","","","","","","","","","","","","","","","","","","","","","","","","","","","","","","","","","","","","","15.25989","16.5968","","","17.442575","18.08809","18.2017","","17.082225","17.79327","17.30592","","","","",
"Small states","SST","Government expenditure on education, total (% of government expenditure)","SE.XPD.TOTL.GB.ZS","","","","","","","","","","","","","","","","","","","","","","","","","","","","","","","","","","","","","","","","20.87531","17.251545","19.823665","17.82885","18.11954","","20.89186","","","19.11938","16.54074","16.70443","","","","",
"Sao Tome and Principe","STP","Government expenditure on education, total (% of government expenditure)","SE.XPD.TOTL.GB.ZS","","","","","","","","","","","","","","","","","","","","","","","","","","","","","","","","","","","","","","","","","","","6.42829","6.68909","5.84991","12.12649","9.69203","16.65969","18.24332","20.5595","19.32359","","","","",
"Suriname","SUR","Government expenditure on education, total (% of government expenditure)","SE.XPD.TOTL.GB.ZS","","","","","","","","","","","","","","","","","","","","","","","","","","","","","","","","","","","","","","","","","","","","","","","","","","","","","","","",
"Slovak Republic","SVK","Government expenditure on education, total (% of government expenditure)","SE.XPD.TOTL.GB.ZS","","","","","","","","","","","","","","","","","","","","","","","","","","","","","","","","","","","","","","8.55968","","8.61408","7.47054","8.89935","9.47443","10.63662","10.93355","9.5924","9.67682","9.81596","9.73608","9.18133","9.85753","9.83438","9.79439","","",
"Slovenia","SVN","Government expenditure on education, total (% of government expenditure)","SE.XPD.TOTL.GB.ZS","","","","","","","","","","","","","","","","","","","","","","","","","","","","","","","","","","","","","","","","","","13.81725","13.72527","13.69596","13.49902","13.29055","13.3197","12.89666","12.54904","12.30418","12.08019","12.07168","","","",
"Sweden","SWE","Government expenditure on education, total (% of government expenditure)","SE.XPD.TOTL.GB.ZS","","","","","","","","","","","","","","","","","","","","","","","","","","","","","","","","","","","","","","","12.77153","12.48017","13.00555","12.93969","13.24324","12.95976","13.08087","12.78733","12.79998","12.86496","13.0583","13.21636","13.34554","13.2464","","","",
"Swaziland","SWZ","Government expenditure on education, total (% of government expenditure)","SE.XPD.TOTL.GB.ZS","","","","","","","","","","","","","","","","","","","","","","","","","","","","","","","","","","","","","","","","20.87531","19.51033","19.65618","17.29377","22.06382","21.10407","20.89186","22.70757","","21.81324","19.38638","18.28303","22.35631","","","",
"Sint Maarten (Dutch part)","SXM","Government expenditure on education, total (% of government expenditure)","SE.XPD.TOTL.GB.ZS","","","","","","","","","","","","","","","","","","","","","","","","","","","","","","","","","","","","","","","","","","","","","","","","","","","","","","","",
"Seychelles","SYC","Government expenditure on education, total (% of government expenditure)","SE.XPD.TOTL.GB.ZS","","","","","","","","","","","","","","","","","","","","","","","","","","","","","","","","","","","","","","","9.87257","9.37376","","","9.22016","12.0432","","","10.95452","","","","","10.38641","","","",
"Syrian Arab Republic","SYR","Government expenditure on education, total (% of government expenditure)","SE.XPD.TOTL.GB.ZS","","","","","","","","","","","","","","","","","","","","","","","","","","","","","","","","","","","","","","","","","","15.66206","16.82607","19.8554","17.1454","","20.04848","18.92593","20.04079","19.18405","","","","","",
"Turks and Caicos Islands","TCA","Government expenditure on education, total (% of government expenditure)","SE.XPD.TOTL.GB.ZS","","","","","","","","","","","","","","","","","","","","","","","","","","","","","","","","","","","","","","","","","","","","","","","","","","","","","","","",
"Chad","TCD","Government expenditure on education, total (% of government expenditure)","SE.XPD.TOTL.GB.ZS","","","","","","","","","","","","","","","","","","","","","","","","","","","","","","","","","","","","","","12.89866","11.07153","17.05998","12.84449","13.78685","","","11.0319","14.67282","","","","9.54915","8.11928","10.08326","","","",
"Togo","TGO","Government expenditure on education, total (% of government expenditure)","SE.XPD.TOTL.GB.ZS","","","","","","","","","","","","","","","","","","","","","","","","","","","","","","","","","","","","","","","20.98232","23.41876","24.42371","25.73136","30.70003","27.75643","21.83069","17.67808","17.28665","18.15452","19.24566","19.37198","19.61576","18.63494","17.68043","17.20001","",
"Thailand","THA","Government expenditure on education, total (% of government expenditure)","SE.XPD.TOTL.GB.ZS","","","","","","","","","","","","","","","","","","","","","","","","","","","","","","","","","","","","","","","19.481","18.97902","28.3886","24.24134","16.22293","20.86635","21.45767","20.54682","22.00279","18.48467","17.54413","17.56252","16.46132","21.95372","20.73911","","",
"Tajikistan","TJK","Government expenditure on education, total (% of government expenditure)","SE.XPD.TOTL.GB.ZS","","","","","","","","","","","","","","","","","","","","","","","","","","","","","","","","","","","","","","","15.07245","11.83439","12.02514","13.18853","14.59364","12.69424","13.67676","15.29338","15.63601","12.21488","12.8005","14.31216","15.33145","14.56051","16.35024","","",
"Turkmenistan","TKM","Government expenditure on education, total (% of government expenditure)","SE.XPD.TOTL.GB.ZS","","","","","","","","","","","","","","","","","","","","","","","","","","","","","","","","","","","","","","","","","","","","","","","","","","","","","20.79551","","",
"Timor-Leste","TLS","Government expenditure on education, total (% of government expenditure)","SE.XPD.TOTL.GB.ZS","","","","","","","","","","","","","","","","","","","","","","","","","","","","","","","","","","","","","","","","","","","","","","","","","9.86456","15.52864","12.88816","9.61729","","","",
"Tonga","TON","Government expenditure on education, total (% of government expenditure)","SE.XPD.TOTL.GB.ZS","","","","","","","","","","","","","","","","","","","","","","","","","","","","","","","","","","","","","","","","","22.61828","22.43917","17.70078","19.04715","19.30936","","","","","","","","","","",
"Trinidad and Tobago","TTO","Government expenditure on education, total (% of government expenditure)","SE.XPD.TOTL.GB.ZS","","","","","","","","","","","","","","","","","","","","","","","","","","","","","","","","","","","","","","","","9.70982","10.42718","10.42365","13.39844","13.33585","","","","","","","","","","","",
"Tunisia","TUN","Government expenditure on education, total (% of government expenditure)","SE.XPD.TOTL.GB.ZS","","","","","","","","","","","","","","","","","","","","","","","","","","","","","","","","","","","","","","26.21273","","25.15031","25.04731","24.96656","23.14702","28.03188","27.73621","26.73797","27.13844","27.22321","25.34732","26.40063","25.58174","","21.24967","","",
"Turkey","TUR","Government expenditure on education, total (% of government expenditure)","SE.XPD.TOTL.GB.ZS","","","","","","","","","","","","","","","","","","","","","","","","","","","","","","","","","","","","","","","","","","","6.52606","7.14305","8.75745","","8.55448","","","","","","","","",
"Tuvalu","TUV","Government expenditure on education, total (% of government expenditure)","SE.XPD.TOTL.GB.ZS","","","","","","","","","","","","","","","","","","","","","","","","","","","","","","","","","","","","","","","","","","","","","","","","","","","","","","","",
"Taiwan, China","TWN","Government expenditure on education, total (% of government expenditure)","SE.XPD.TOTL.GB.ZS","","","","","","","","","","","","","","","","","","","","","","","","","","","","","","","","","","","","","","","","","","","","","","","","","","","","","","","",
"Tanzania","TZA","Government expenditure on education, total (% of government expenditure)","SE.XPD.TOTL.GB.ZS","","","","","","","","","","","","","","","","","","","","","","","","","","","","","","","","","","","","","","","11.79397","","","","","","19.49264","18.14314","15.01412","19.43174","18.77841","17.41092","19.64801","","","","15.87981",
"Uganda","UGA","Government expenditure on education, total (% of government expenditure)","SE.XPD.TOTL.GB.ZS","","","","","","","","","","","","","","","","","","","","","","","","","","","","","","","","","","","","","","","","","13.00373","","","","21.85371","","","","","15.9659","13.51757","13.31546","14.02307","12.86619","",
"Ukraine","UKR","Government expenditure on education, total (% of government expenditure)","SE.XPD.TOTL.GB.ZS","","","","","","","","","","","","","","","","","","","","","","","","","","","","","","","","","","","","","","12.92467","11.59928","13.53417","11.35897","12.81095","14.36096","14.41952","12.78175","13.73865","13.92323","14.03619","13.55571","15.05737","","13.48432","13.66552","","",
"Upper middle income","UMC","Government expenditure on education, total (% of government expenditure)","SE.XPD.TOTL.GB.ZS","","","","","","","","","","","","","","","","","","","","","","","","","","","","","","","","","","","","","","","","","16.7966","17.706045","15.02952","","14.07089","","13.902065","13.28645","","14.671375","14.642145","13.938665","","","",
"Uruguay","URY","Government expenditure on education, total (% of government expenditure)","SE.XPD.TOTL.GB.ZS","","","","","","","","","","","","","","","","","","","","","","","","","","","","","","","","","","","","","","","","","8.31884","9.1999","7.71913","6.8295","8.42054","9.46483","9.89818","","","","","14.92589","","","",
"United States","USA","Government expenditure on education, total (% of government expenditure)","SE.XPD.TOTL.GB.ZS","","","","","","","","","","","","","","","","","","","","","","","","","","","","","","","","","","","","","","","","","","","16.38057","16.42838","15.52663","14.97552","15.01333","14.40242","14.01895","12.78261","13.03757","12.90896","","","",
"Uzbekistan","UZB","Government expenditure on education, total (% of government expenditure)","SE.XPD.TOTL.GB.ZS","","","","","","","","","","","","","","","","","","","","","","","","","","","","","","","","","","","","","","","","","","","","","","","","","","","","","","","",
"St. Vincent and the Grenadines","VCT","Government expenditure on education, total (% of government expenditure)","SE.XPD.TOTL.GB.ZS","","","","","","","","","","","","","","","","","","","","","","","","","","","","","","","","","","","","","","","14.42816","20.57201","29.91883","","29.13098","32.10502","32.7286","22.64616","","20.11533","","17.3385","15.48563","","","","",
"Venezuela, RB","VEN","Government expenditure on education, total (% of government expenditure)","SE.XPD.TOTL.GB.ZS","","","","","","","","","","","","","","","","","","","","","","","","","","","","","","","","","","","","","","","","","","","","","","","9.344","10.09005","","20.66358","","","","","",
"Virgin Islands (U.S.)","VIR","Government expenditure on education, total (% of government expenditure)","SE.XPD.TOTL.GB.ZS","","","","","","","","","","","","","","","","","","","","","","","","","","","","","","","","","","","","","","","","","","","","","","","","","","","","","","","",
"Vietnam","VNM","Government expenditure on education, total (% of government expenditure)","SE.XPD.TOTL.GB.ZS","","","","","","","","","","","","","","","","","","","","","","","","","","","","","","","","","","","","","","","","","","","","","","","","","18.05421","","20.93943","","21.43743","","",
"Vanuatu","VUT","Government expenditure on education, total (% of government expenditure)","SE.XPD.TOTL.GB.ZS","","","","","","","","","","","","","","","","","","","","","","","","","","","","","","","","","","","","","","","27.4011","25.82178","27.52419","40.07755","36.40962","44.8018","","","","","21.40563","18.72315","","","","","",
"West Bank and Gaza","PSE","Government expenditure on education, total (% of government expenditure)","SE.XPD.TOTL.GB.ZS","","","","","","","","","","","","","","","","","","","","","","","","","","","","","","","","","","","","","","","","","","","","","","","","","","","","","","","",
"World","WLD","Government expenditure on education, total (% of government expenditure)","SE.XPD.TOTL.GB.ZS","","","","","","","","","","","","","","","","","","","","","","","","","","","","","","","","","","","","","","","","","13.40689","14.014205","14.52521","14.41952","13.56161","13.862265","13.979265","13.66702","14.0896","14.41179","14.55989","13.603855","","","",
"Samoa","WSM","Government expenditure on education, total (% of government expenditure)","SE.XPD.TOTL.GB.ZS","","","","","","","","","","","","","","","","","","","","","","","","","","","","","","","","","","","","","","","","13.41717","10.4613","12.77033","12.7938","","","","","","16.06423","","","","","","",
"Yemen, Rep.","YEM","Government expenditure on education, total (% of government expenditure)","SE.XPD.TOTL.GB.ZS","","","","","","","","","","","","","","","","","","","","","","","","","","","","","","","","","","","","","","","","","30.48928","30.32128","","","","","","","12.48924","","","","","","",
"South Africa","ZAF","Government expenditure on education, total (% of government expenditure)","SE.XPD.TOTL.GB.ZS","","","","","","","","","","","","","","","","","","","","","","","","","","","","","","","","","","","","","","","","","","20.47205","20.0957","19.5923","19.93463","19.92499","19.68185","18.38215","17.90631","18.30626","18.04437","18.92162","20.62222","19.15525","",
"Congo, Dem. Rep.","COD","Government expenditure on education, total (% of government expenditure)","SE.XPD.TOTL.GB.ZS","","","","","","","","","","","","","","","","","","","","","","","","","","","","","","","","","","","","","","","","","","","","","","","","","","","8.97646","","","","",
"Zambia","ZMB","Government expenditure on education, total (% of government expenditure)","SE.XPD.TOTL.GB.ZS","","","","","","","","","","","","","","","","","","","","","","","","","","","","","","","","","","","","","","","","","8.35262","","","","10.58499","7.72973","","6.22791","5.6518","","","","","","",
"Zimbabwe","ZWE","Government expenditure on education, total (% of government expenditure)","SE.XPD.TOTL.GB.ZS","","","","","","","","","","","","","","","","","","","","","","","","","","","","","","","","","","","","","","","","","","","","","","","","","","","8.72091","","","","",
